Company Name,Prospect+ ID,Website URL,Company Phone,Company Email,ABN,Street Address,Suburb / City,State,Postcode,Country,Postal Street Address,Postal Suburb / City,Postal State,Postal Postcode,Address 2 Tag,Address 2 Street,Address 2 Suburb / City,Address 2 State,Address 2 Postcode,Address 3 Tag,Address 3 Street,Address 3 Suburb / City,Address 3 State,Address 3 Postcode,Internal ID,Customer ID,Status,Status Reason,Franchisee,Dialer Assigned,Sales Rep Assigned,Allocated To,Industry,Sub-Industry,AI Score,AI Reason,Discovery Score,Discovery Routing Tag,Post Office Relationship,Logistics Setup,Shipping Volume,Express vs Standard,Package Types,Current Providers,E-commerce Tech,Same Day Courier,Decision Maker,Pain Points,Contact 1 First Name,Contact 1 Last Name,Contact 1 Title,Contact 1 Email,Contact 1 Phone,Contact 2 First Name,Contact 2 Last Name,Contact 2 Title,Contact 2 Email,Contact 2 Phone,Contact 3 First Name,Contact 3 Last Name,Contact 3 Title,Contact 3 Email,Contact 3 Phone,Contact Name,Occupation,Email,Linkedin URL,Mobile Number,Lodgement Evidence,Shipper Evidence,Shopify Detected,Prospect Summary,Xero Detected,AP Relationship ,Suggessted Product,Suggessted Opener,Suggested Personalisation
776BC,MP5MAQF3,776bc.com.au,399729856,info@776bc.com,,204 Ingles St,Port Melbourne,VIC,3207,,,,,,,,,,,,,,,,1888347,71198250,New,,Docklands,,Call Force,,RETAIL - SPORTING GOODS,,,,,,,,,,,,,,,,,,,,,,,,,,,,,,,Cameron McKenzie-McHarg OLY,CEO,cameron.mcmc@776bc.com,https://www.linkedin.com/in/cameron-mckenzie-mcharg-oly-5b34b010,61409595231,"Insufficient evidence. No PO Box or Locked Bag listed. No correspondence-heavy industry signals. No forms to print and post, no mail-out statements or certificates. Contact page lists only a phone number, email address, and street address (102/204 Ingles Street, Port Melbourne, VIC 3207). Source: https://776bc.com.au/pages/contact","Shopify platform confirmed (+30): FAQ states 'All transactions on 776bc.com are processed securely via Shopify Payments.' Source: https://776bc.com.au/pages/faqs

Live cart and checkout with shipping options presented (+20): Active cart, checkout and shipping rate selection present across the storefront. Source: https://776bc.com.au

Dedicated shipping and delivery policy page (+15): Full shipping policy published at https://776bc.com.au/pages/shipping covering domestic and international rates, free standard shipping over $150 within Australia, flat rate options under $150.

Dispatch and express language (+15): 'We aim to dispatch all orders as quickly as possible.' (https://776bc.com.au/pages/faqs). 'Express Shipping orders will be received the next business day providing that the order was received before 1pm.' (https://nz.776bc.com/pages/copy-of-shipping). '776BC delivers via Australia Post. Standard Shipping orders will be received within 1-5 business days.' (https://nz.776bc.com/pages/copy-of-shipping)

Products are lightweight apparel, clearly sub 5kg (+10): Items include unisuits, caps described as 'super light weight', water bottles, performance tops. 'Weightless construction' noted on product pages. Source: https://776bc.com.au/collections/all

Commercial suite address in Port Melbourne industrial/commercial precinct rather than CBD tower (+5): 102/204 Ingles Street, Port Melbourne, VIC 3207. Source: https://776bc.com.au/pages/contact",Yes,"776BC is a pure shipper with no lodgement signals whatsoever. Shopify is confirmed via their own FAQ. They dispatch from their Port Melbourne suite via Australia Post domestically and DHL for international orders. The Shopify-to-Shipmate one-click integration is the sharpest opener on this call. Products are lightweight performance apparel (unisuits, caps, training wear) - all comfortably sub 5kg, ideal fit for the Shipmate sub-5kg sweet spot. They also run custom club shop orders dispatched in bulk, which is a secondary conversation for the account manager. No PO Box, no mail-out signals, no correspondence-industry indicators - do not lead with Local Mile. Company founded 2013, approximately 34 staff, $5M revenue per RocketReach. Global presence with regional storefronts for AU, NZ, UK, EU and US.",,Unlikely - 776BC ships domestically via Australia Post (confirmed on nz.776bc.com shipping page) and operates a high-volume global ecommerce brand with 34 staff and approximately $5M revenue (RocketReach). At that scale they are almost certainly on a MyPost Business or contracted AP account rather than paying retail rates at the counter. No signals of retail lodgement such as purchasing postage online at cost or referencing retail pricing.,Shipmate,"Hi, I was hoping you could help me out - can you tell me who looks after your outbound shipping and parcel dispatch at 776BC?","We noticed 776BC runs on Shopify Payments and ships via Australia Post, and we have a one-click Shopify integration that gives you flat-rate express shipping without needing to leave your existing workflow."